Hour,Hour_Number,Simulation_Time,Average_SoC,Active_Drivers,Total_SoC
T1,1,2.866619222770509,0.7356485862046283,3,2.2069457586138848
T1,1,5.8046795571031895,0.6969684789483289,5,3.4848423947416447
T1,1,9.385165297233186,0.7303135933311632,7,5.112195153318142
T1,1,12.404386443244416,0.7236143120801561,9,6.512528808721405
T1,1,15.09256757031304,0.7226121002245357,11,7.948733102469893
T1,1,18.32573456451296,0.7318771769584542,13,9.514403300459906
T1,1,21.134789833804412,0.7297556979622057,15,10.946335469433086
T1,1,24.167466988858592,0.7225256731720876,17,12.28293644392549
T1,1,26.948723216906767,0.7190390727970941,19,13.661742383144789
T1,1,30.410741297787975,0.708879568994575,21,14.886470948886076
T1,1,32.91918908517306,0.7119397168385132,23,16.374613487285803
T1,1,35.95590472133999,0.7207984973651036,25,18.01996243412759
T1,1,39.360060046042115,0.7227235769938227,27,19.513536578833214
T1,1,41.85085614954681,0.7260682722391674,29,21.055979894935852
T1,1,45.21565399932109,0.7242826448291383,31,22.452761989703287
T1,1,47.69897816581276,0.702855572721154,33,23.194233899798082
T1,1,50.6403493905831,0.6910020570471588,35,24.185071996650557
T1,1,53.283640546020735,0.6691517579503632,36,24.089463286213075
T1,1,55.70821884898052,0.6713382664478501,38,25.510854125018305
T1,1,58.74321706828343,0.6722536176811137,40,26.89014470724455
T2,2,61.714889818469715,0.6675098118062317,42,28.03541209586173
T2,2,64.33365634045816,0.6621166268325063,42,27.808898326965263
T2,2,66.74566733744686,0.6585362752426585,44,28.97559611067697
T2,2,68.78707216920245,0.6503470948921366,45,29.265619270146146
T2,2,71.98450289069126,0.6426646494131606,47,30.205238522418547
T2,2,74.2655383310861,0.6311042618447402,48,30.29300456854753
T2,2,76.52907497359718,0.6292248462138902,49,30.83201746448062
T2,2,79.02909089525568,0.62454573515891,50,31.2272867579455
T2,2,81.20700468805508,0.6212678914980345,50,31.06339457490173
T2,2,84.34348659669905,0.6074226168847895,52,31.585976078009054
T2,2,86.45710239392655,0.601764934544932,53,31.893541530881393
T2,2,88.54564973969894,0.5993872189078362,54,32.36690982102316
T2,2,91.18318290410704,0.5987400110239407,54,32.3319605952928
T2,2,93.40168480054248,0.5892970308507158,55,32.41133669678937
T2,2,96.0903421389442,0.5829964712603841,57,33.2307988618419
T2,2,98.74553306379002,0.5717393119470484,58,33.16088009292881
T2,2,101.87977950197529,0.5698535951408163,58,33.051508518167346
T2,2,104.03470978918585,0.5625575781675591,59,33.19089711188599
T2,2,106.49338550303479,0.5604256889807872,60,33.62554133884723
T2,2,109.56375047772727,0.558718029548165,61,34.08179980243806
T2,2,112.13795071912729,0.5536517822996344,62,34.32641050257733
T2,2,114.44573014685716,0.5580473077955691,62,34.598933083325285
T2,2,117.46993749337668,0.5574683148132578,62,34.563035518421984
T3,3,120.00000000000003,0.5569103697967781,64,35.6422636669938
T3,3,123.75054885150254,0.5428873168499837,66,35.83056291209893
T3,3,126.30664154115911,0.5399146789574708,67,36.17428349015054
T3,3,128.38007364443544,0.5319778692044977,67,35.64251723670135
T3,3,130.9666436066388,0.5190400661122885,68,35.29472449563562
T3,3,134.2526811967756,0.5231473900655277,70,36.62031730458694
T3,3,136.28647564725497,0.522499812273699,70,36.57498685915893
T3,3,139.76606900720097,0.5229507233826155,70,36.60655063678308
T3,3,142.061125786586,0.5249993363047399,72,37.799952213941275
T3,3,144.499358490121,0.5364150945721156,72,38.62188680919232
T3,3,147.38416201362318,0.5226794776735523,73,38.15560187016931
T3,3,149.7059803117612,0.5360846357209132,74,39.67026304334758
T3,3,151.8584327130875,0.5394927564742393,75,40.46195673556795
T3,3,153.8910983789016,0.5337684770590357,76,40.56640425648671
T3,3,156.22204152648493,0.5203468472698054,75,39.02601354523541
T3,3,158.30981506877714,0.5191041371739192,76,39.451914425217865
T3,3,162.52799282883953,0.5104834856645528,78,39.817711881835116
T3,3,165.26695055459228,0.5156747962431044,78,40.22263410696215
T3,3,167.77754802514121,0.5092822863100064,79,40.2333006184905
T3,3,171.26719966854768,0.5106503399885055,79,40.34137685909194
T3,3,173.5632115699372,0.5087651826296952,79,40.19244942774592
T3,3,175.62387499550005,0.5182195946709505,80,41.45756757367604
T3,3,178.5457967508704,0.5380403136019525,82,44.1193057153601
T4,4,181.27067204572313,0.5250809934667123,84,44.10680345120384
T4,4,183.45542991345144,0.5417132130973182,88,47.67076275256401
T4,4,185.87008148413892,0.5488772148609347,92,50.49670376720599
T4,4,188.3849776031769,0.5549782437399249,94,52.16795491155294
T4,4,190.7762400407984,0.5588443541263787,98,54.76674670438511
T4,4,193.028850301486,0.5569949502480427,101,56.25648997505231
T4,4,195.10867823594478,0.5560123017807127,103,57.26926708341341
T4,4,197.5621728182166,0.5570761827478221,107,59.607151554016966
T4,4,199.63671001808123,0.5567893808775456,111,61.80362127740756
T4,4,201.73604804949755,0.5642975167403806,114,64.32991690840339
T4,4,204.00699363883328,0.5611292966026066,118,66.21325699910757
T4,4,206.42031609503562,0.5738528548623487,122,70.01004829320654
T4,4,208.9432146002008,0.5837439545733025,125,72.96799432166281
T4,4,211.12198439289745,0.5952858870690797,129,76.79187943191128
T4,4,213.4726200146668,0.6129356902626094,133,81.52044680492705
T4,4,215.55835948860556,0.6153714914847533,136,83.69052284192645
T4,4,217.82820111526536,0.6210799298051575,139,86.33011024291689
T4,4,220.0274026166295,0.6161026355869507,143,88.10267688893394
T4,4,222.62645971442242,0.6137260975854548,147,90.21773634506187
T4,4,224.8693533270336,0.6182416128621334,151,93.35448354218215
T4,4,226.95770687284016,0.620501307220011,153,94.93670000466167
T4,4,229.02891348843337,0.6162477043353076,157,96.7508895806433
T4,4,231.1498635327505,0.6101484808944738,159,97.01360846222134
T4,4,233.24269502894822,0.6053576961830072,160,96.85723138928115
T4,4,235.36788979946107,0.6047004033666594,163,98.56616574876548
T4,4,237.49007443815333,0.597653981746262,166,99.2105609698795
T4,4,239.99999999999994,0.6063205509983689,170,103.07449366972271
T5,5,242.05587896992586,0.6066385798363305,180,109.1949443705395
T5,5,244.15110723820519,0.6110952306823676,191,116.71918906033221
T5,5,246.2448145810931,0.6172839654710306,198,122.22222516326406
T5,5,248.26314261920317,0.620016297579901,207,128.3433735990395
T5,5,250.36844316804635,0.6264441569123759,217,135.93838204998556
T5,5,252.3687239749421,0.6282922510916547,226,141.99404874671396
T5,5,254.4108394337519,0.6319259737550869,235,148.5026038324454
T5,5,256.4380144220726,0.6326090122572959,244,154.3565989907802
T5,5,258.4951788361191,0.6310956350408566,253,159.66719566533672
T5,5,260.58789953367864,0.6316247279128676,263,166.11730344108418
T5,5,262.63951740676623,0.6282852207603958,273,171.52186526758805
T5,5,264.81420950808484,0.6278164652535607,284,178.29987613201124
T5,5,266.81452937521726,0.6263626831192993,292,182.89790347083542
T5,5,268.845788128789,0.6243692486301194,301,187.93514383766595
T5,5,270.99453657102083,0.6217115575306357,311,193.3522943920277
T5,5,273.00330660239325,0.6211451633349578,321,199.38759743052148
T5,5,275.1418478464323,0.6196250456345042,330,204.47626505938638
T5,5,277.16376032422596,0.6173601299368289,341,210.51980430845865
T5,5,279.1669845591497,0.6185839618669058,350,216.50438665341701
T5,5,281.3373310073392,0.6173088057597917,360,222.23117007352502
T5,5,283.37266020903576,0.6168954856961952,367,226.40064325050363
T5,5,285.43394130381756,0.6146592321987513,376,231.1118713067305
T5,5,287.4821849262303,0.6155186117376236,384,236.35914690724744
T5,5,289.5888451581087,0.6147162297145591,392,240.96876204810718
T5,5,291.59259083659185,0.6119007400616311,401,245.37219676471406
T5,5,293.65238918836104,0.6121476180307927,412,252.20481862868658
T5,5,295.74660365028376,0.6106113553740723,421,257.06738061248444
T5,5,297.77052860482564,0.6064180998052145,429,260.15336481643703
T5,5,299.8984029307116,0.6040899621964283,439,265.195493404232
T6,6,301.9291102335605,0.6034066130305925,458,276.3602287680114
T6,6,304.00846018509026,0.6064785040352405,477,289.2902464248097
T6,6,306.0090606099736,0.6046103199957171,496,299.8867187178757
T6,6,308.0234327652688,0.6041846257046659,516,311.7592668636076
T6,6,310.06682807715214,0.6054264262038038,535,323.90313801903505
T6,6,312.1068822713904,0.606986852624004,551,334.4497557958262
T6,6,314.2023674244035,0.6045867533174316,571,345.21903614425344
T6,6,316.20899481390035,0.6045507243537372,590,356.68492736870496
T6,6,318.32613247691296,0.6058006771950885,610,369.53841308900394
T6,6,320.34242862193696,0.6066658186870766,626,379.77280249810997
T6,6,322.3769185087107,0.605444889975488,643,389.3010642542388
T6,6,324.41179960979895,0.6067515613391417,662,401.6695336065118
T6,6,326.4719606882333,0.6061420907207987,679,411.5704795994223
T6,6,328.50680073060875,0.6082890813311128,698,424.58577876911676
T6,6,330.5296170073531,0.6071619875148623,716,434.7279830606414
T6,6,332.53315373710666,0.6044256786165916,735,444.2528737831948
T6,6,334.58276225072717,0.6049949329623159,753,455.5611845206239
T6,6,336.6193975181097,0.6079137328985457,768,466.87774686608304
T6,6,338.68780550936674,0.605964953751975,786,476.28845364905237
T6,6,340.6892437013455,0.6056886063914879,805,487.57932814514777
T6,6,342.70797742525104,0.605184173661357,824,498.67175909695817
T6,6,344.80072938719337,0.6023666358180909,842,507.19270735883254
T6,6,346.8226458609703,0.6002388030394609,859,515.6051318108969
T6,6,348.84356419751236,0.5983461027857678,875,523.5528399375469
T6,6,350.8899619980233,0.5963639445875004,890,530.7639106828753
T6,6,352.9731442047355,0.5952193088666796,907,539.8639131420784
T6,6,355.00177814070696,0.5979140011728734,923,551.8746230825622
T6,6,357.02711979327194,0.594264773030084,939,558.0146218752488
T6,6,359.2209830749477,0.5925493181166749,964,571.2175426644745
T7,7,361.27579037732,0.5890630309470095,982,578.4598963899633
T7,7,363.35656437971426,0.5915171739878585,1011,598.023862901725
T7,7,365.36209007956563,0.5918358792287819,1042,616.6929861563907
T7,7,367.36303259706614,0.5925902900957698,1070,634.0716104024737
T7,7,369.4142931693748,0.5927687234810604,1102,653.2311332761285
T7,7,371.42507536902207,0.5930280741117039,1128,668.9356675980019
T7,7,373.46060673955316,0.5953418055987989,1153,686.4291018554151
T7,7,375.46797404819677,0.5948861119694766,1175,698.991181564135
T7,7,377.50644046985104,0.5946882135984748,1205,716.5992973861621
T7,7,379.52420097332157,0.5955308940097085,1234,734.8851232079803
T7,7,381.54491273617714,0.5931913558366526,1258,746.234725642509
T7,7,383.56704363351867,0.5945151620456091,1288,765.7355287147444
T7,7,385.59450678209834,0.5945998414597663,1317,783.0879912025123
T7,7,387.60884638315173,0.5925654330652302,1341,794.6302457404738
T7,7,389.6098638418252,0.5919038325845729,1370,810.9082506408649
T7,7,391.63209679128875,0.591095129296045,1399,826.942085885167
T7,7,393.6711615675069,0.5904753042958978,1425,841.4273086216543
T7,7,395.6935234744179,0.5913303917667992,1450,857.429068061859
T7,7,397.6990151786161,0.5895470716052807,1476,870.1714776893944
T7,7,399.7047592171745,0.5874697838282165,1502,882.3796153099811
T7,7,401.7499041547179,0.5871789577770222,1531,898.970984356621
T7,7,403.7726596727044,0.5863452234989169,1553,910.594132093818
T7,7,405.7907688515797,0.5850804232675945,1578,923.2569079162641
T7,7,407.7988771260576,0.5833315997292488,1606,936.8305491651735
T7,7,409.8274549523473,0.5826160211707786,1631,950.24673052954
T7,7,411.86472052269596,0.5817397129318767,1652,961.0340057634602
T7,7,413.87443394343586,0.5806101496485477,1677,973.6832209606146
T7,7,415.88752681952207,0.5783829587460186,1700,983.2510298682317
T7,7,417.8920379746399,0.5779909849771282,1725,997.0344490855462
T8,8,420.0000000000004,0.5745317277233914,1752,1006.5795869713819
T8,8,422.0113446189309,0.5726828065938915,1773,1015.3666160909695
T8,8,424.02068720789913,0.5709774968011494,1803,1029.4724267324723
T8,8,426.04111936082774,0.5704931241923746,1836,1047.4253760171998
T8,8,428.06724446030006,0.5702898733349369,1870,1066.4420631363319
T8,8,430.0847720233108,0.5688240373158269,1902,1081.9033189747026
T8,8,432.1177882294199,0.5699234552388364,1935,1102.8018858871483
T8,8,434.12627340041263,0.5705773245268118,1965,1121.184442695185
T8,8,436.12855637673863,0.5714889781784028,1991,1137.8345555532
T8,8,438.1500191368632,0.5693849495872206,2021,1150.726983115773
T8,8,440.1815288317863,0.5675763870887608,2050,1163.5315935319595
T8,8,442.2003477945199,0.5679246581939563,2077,1179.5795150688473
T8,8,444.228780129054,0.5676043146922235,2110,1197.6451040005916
T8,8,446.27187353329634,0.565847881936719,2142,1212.046163108452
T8,8,448.31064542236066,0.5643907057821975,2174,1226.9853943704975
T8,8,450.32853700909504,0.5631794313133331,2202,1240.1211077519595
T8,8,452.33468576741274,0.5617922929130909,2231,1253.3586054891057
T8,8,454.33941424108747,0.5608275161023941,2261,1268.0310139075132
T8,8,456.36608200082026,0.5591275896340272,2284,1277.0474147241182
T8,8,458.40216784264584,0.556904716414689,2314,1288.6775137835903
T8,8,460.40744912789694,0.5547699818438852,2336,1295.9426775873158
T8,8,462.4453752342317,0.5542368910640361,2362,1309.1075366932532
T8,8,464.49419898125774,0.5540970031755802,2393,1325.9541285991634
T8,8,466.5087491991611,0.5518195932193848,2420,1335.4034155909112
T8,8,468.5419987312282,0.5510328921668871,2445,1347.275421348039
T8,8,470.5614567935329,0.5513707068536159,2474,1364.0911287558456
T8,8,472.56825685379476,0.5496975874175433,2496,1372.045178194188
T8,8,474.6012581321422,0.548904544976029,2523,1384.8861669745213
T8,8,476.60320435487904,0.5488067115291254,2546,1397.2618875531532
T8,8,478.6259403793504,0.547725826060966,2578,1412.0371795851704
T9,9,480.6612391329029,0.545265814558593,2604,1419.872181110576
T9,9,482.6650042887763,0.5441532099577768,2639,1436.020321078573
T9,9,484.6710332261233,0.5436343506053153,2674,1453.678253518613
T9,9,486.6731192158906,0.5429434262606586,2704,1468.1190246088208
T9,9,488.68061311007506,0.5436639606911899,2729,1483.6589487262572
T9,9,490.70167929305273,0.5420223706151501,2756,1493.8136534153539
T9,9,492.72165724676165,0.5419706860251143,2780,1506.678507149818
T9,9,494.72849029374635,0.5418579756204032,2804,1519.3697636396105
T9,9,496.7525319786142,0.5424968125408961,2833,1536.8934699283586
T9,9,498.7642225645495,0.5411678952068992,2866,1550.9871876629732
T9,9,500.7800552576468,0.5411466773036044,2895,1566.619630793935
T9,9,502.7901914470102,0.5402595348208268,2925,1580.2591393509183
T9,9,504.80455032155464,0.5390884639210721,2955,1593.0064108867682
T9,9,506.8082809668064,0.5377861312578042,2985,1605.2916018045455
T9,9,508.83085218872213,0.537926175239227,3016,1622.3853445215088
T9,9,510.84407758541806,0.5389443815390368,3051,1644.3193080756014
T9,9,512.8588649617559,0.5385313464791804,3082,1659.7536098488342
T9,9,514.8597755389175,0.5388434786505217,3104,1672.5701577312193
T9,9,516.872412244107,0.5375815959924298,3128,1681.5552322643205
T9,9,518.8765953596054,0.5363361305304648,3151,1689.9951473014946
T9,9,520.9071320391515,0.5375962469554065,3181,1710.0936615651483
T9,9,522.9159000249733,0.539513286997325,3217,1735.6142442703945
T9,9,524.9175260580009,0.5398529971548541,3249,1753.982387756121
T9,9,526.9350401620693,0.5410482022929652,3278,1773.55600711634
T9,9,528.9465481434374,0.5417656590551104,3299,1787.2849092228093
T9,9,530.9470025275513,0.5412564665328049,3321,1797.512725355445
T9,9,532.9907039253306,0.5416780982931034,3341,1809.7465263972585
T9,9,535.0059869743641,0.540364920549745,3361,1816.1664979676932
T9,9,537.0348443414209,0.5411464419096784,3386,1832.3218523061712
T9,9,539.0436255308238,0.5426106073301826,3428,1860.0691619278662
T10,10,541.0508065814671,0.5408246263695071,3429,1854.48764382104
T10,10,543.0896662589623,0.5414084212821754,3446,1865.6934197383762
T10,10,545.1058816437516,0.5421207699414736,3467,1879.5327093870892
T10,10,547.1243869440463,0.5416044068702113,3486,1888.0329623495563
T10,10,549.1390157641409,0.5416348066787917,3502,1896.8050929891285
T10,10,551.1591349834155,0.5406754273791723,3520,1903.1775043746864
T10,10,553.1616267006473,0.5393392359279525,3544,1911.4182521286637
T10,10,555.1929770860697,0.5386512265668916,3551,1912.7505055390318
T10,10,557.1972265663159,0.5382693000522304,3579,1926.4658248869328
T10,10,559.2235954857538,0.538335788300198,3596,1935.8554947275122
T10,10,561.2470459113105,0.5372563930571345,3617,1943.2563736876552
T10,10,563.2600787348706,0.5372168230340236,3624,1946.8737666753016
T10,10,565.2708367515183,0.5368455787223068,3642,1955.1915977066412
T10,10,567.294669185206,0.5357162030246906,3663,1962.3284516794417
T10,10,569.2994903976149,0.5343174220460865,3672,1962.0135737532294
T10,10,571.3262681329451,0.5337120961249372,3695,1972.0661951816428
T10,10,573.3489775946454,0.5312273763630062,3707,1969.259884177664
T10,10,575.3520302143742,0.5314713483483391,3724,1979.1993012492146
T10,10,577.3740518959455,0.5292053867386052,3736,1977.111324855429
T10,10,579.390037957146,0.5293039491276017,3751,1985.419113177634
T10,10,581.3999493898959,0.5296829610092356,3774,1999.0234948488553
T10,10,583.4080296318348,0.52962031047266,3793,2008.8498376227994
T10,10,585.415448961165,0.5311861726983675,3811,2024.3505041534786
T10,10,587.4249749504191,0.5315760943483856,3836,2039.1258979204072
T10,10,589.4851469970633,0.5314607399907346,3855,2048.7811526642818
T10,10,591.4945480971375,0.5312563237769927,3875,2058.618254635847
T10,10,593.5343611744,0.5306353438728518,3896,2067.3552997286306
T10,10,595.5552623986562,0.5304056053814004,3902,2069.6426721982243
T10,10,597.5732652999935,0.5304569143591896,3928,2083.634759602897
T10,10,599.6051109903266,0.5300521097737679,3948,2092.6457293868357
T11,11,601.6406828748206,0.5298208271227625,3952,2093.8519087891573
T11,11,603.6940855856792,0.5281021170310406,3967,2094.981098262138
T11,11,605.7309695794405,0.5267940742286519,3970,2091.372474687748
T11,11,607.760488482227,0.5254446581526986,3977,2089.6934054732824
T11,11,609.7683750833363,0.5240085447904701,3976,2083.457974086909
T11,11,611.769137470148,0.5229105441819174,3981,2081.706876388213
T11,11,613.7769691050185,0.521186521476321,3980,2074.322355475758
T11,11,615.8362556303344,0.5194290975348049,3990,2072.5220991638716
T11,11,617.8532238290062,0.518718630245482,3991,2070.2060533097188
T11,11,619.8604438082838,0.516962029186752,3988,2061.644572396767
T11,11,621.8676292861785,0.5148281165751656,3990,2054.164185134911
T11,11,623.9087123106946,0.5134097878901118,3991,2049.0184634694365
T11,11,625.9237042426014,0.5130717240511261,3996,2050.2346093083
T11,11,627.9695599361739,0.5116153061720261,3990,2041.3450716263842
T11,11,629.9704743285797,0.5114754118881685,3993,2042.321319669457
T11,11,631.9729799092905,0.5113457930266301,4004,2047.4285552786268
T11,11,633.9805715968316,0.512632615989312,4006,2053.6062596531838
T11,11,636.0114855224666,0.5133106285975028,4017,2061.9687950761686
T11,11,638.027079261356,0.5109986067836146,4012,2050.1264104158618
T11,11,640.0731341321194,0.51101153665036,4014,2051.2003081145454
T11,11,642.0836519984969,0.5099135281720368,4012,2045.773075026212
T11,11,644.0843939451094,0.5091629801342512,4013,2043.2710392787503
T11,11,646.0875126204178,0.5071422084797921,4017,2037.1902514633248
T11,11,648.0953778648399,0.5065254786841148,4024,2038.258526224878
T11,11,650.0961428837645,0.5061561177088808,4027,2038.2906860136632
T11,11,652.1107687752556,0.5070458487306216,4032,2044.4088620818666
T11,11,654.1531782868592,0.5053016052705613,4035,2038.891977266715
T11,11,656.1672193123928,0.5055693372182567,4033,2038.9611370012294
T11,11,658.1919359370866,0.5045785800947594,4038,2037.4883064226385
T12,12,660.2156772363824,0.5061493448455563,4038,2043.8310544863564
T12,12,662.2212242970154,0.5068150736675517,4039,2047.0260825432415
T12,12,664.2292351183435,0.5058298305084423,4040,2043.5525152541068
T12,12,666.2349182625,0.5066195570085678,4042,2047.756249428631
T12,12,668.2434738357305,0.5053265245933607,4042,2042.5298124063638
T12,12,670.2634360756248,0.5047866953425972,4040,2039.3382491840928
T12,12,672.31133694902,0.5059094683346611,4036,2041.8506141986923
T12,12,674.3372571904723,0.5047213863505765,4031,2034.5319083791737
T12,12,676.3621745862891,0.5047857848859845,4025,2031.7627841660876
T12,12,678.3635751771152,0.5044536947500541,4021,2028.4083065899677
T12,12,680.4044428872363,0.5056023414002563,4023,2034.038219453231
T12,12,682.4108404199407,0.505969291098107,4008,2027.9249187212126
T12,12,684.4339232378803,0.5052664981370073,4008,2025.1081245331252
T12,12,686.4477117428617,0.5051965845328789,4013,2027.353893730443
T12,12,688.4595931381771,0.5057901545813897,4014,2030.241680489698
T12,12,690.4697622655983,0.5051851026640546,4004,2022.7611510668744
T12,12,692.4850960396054,0.5064219767666949,4004,2027.713594973846
T12,12,694.5782515862376,0.5072290242950568,3994,2025.8727230344568
T12,12,696.5935363863,0.507459077073069,3983,2021.2095039820338
T12,12,698.5955867729284,0.5077375056860894,3981,2021.3030101363222
T12,12,700.6030007053242,0.5091811365410467,3978,2025.5225611602839
T12,12,702.6148892336173,0.5077366515361202,3966,2013.6835599922529
T12,12,704.6368694565267,0.5058709732378117,3954,2000.2138281823077
T12,12,706.6424953974614,0.5067441500881218,3942,1997.5854396473762
T12,12,708.6530518412477,0.5056022392756444,3936,1990.0504137889366
T12,12,710.6563456013689,0.5053668260934456,3936,1989.1238275038022
T12,12,712.6691678034638,0.5040502295327749,3934,1982.9336029819365
T12,12,714.6833490599186,0.5055782984988045,3937,1990.4617611897934
T12,12,716.6930151358058,0.5054046142043541,3938,1990.2833707367465
T12,12,718.7544474404743,0.5058792140184772,3936,1991.1405863767263
T13,13,720.7571353330679,0.5068579174125467,3935,1994.485905018371
T13,13,722.7631040962297,0.5046574385086395,3920,1978.257158953867
T13,13,724.7857248351339,0.5050939786139326,3909,1974.4123624018625
T13,13,726.7989913965192,0.5043221262114393,3898,1965.8476479721905
T13,13,728.8008052997819,0.5033222388988613,3880,1952.8902869275817
T13,13,730.8106213765919,0.5026881462770306,3873,1946.9111905309396
T13,13,732.8609722753268,0.5026746197616908,3862,1941.3293815196498
T13,13,734.8643617335001,0.5021788684234536,3852,1934.3930011671432
T13,13,736.8663888456182,0.5027130418879507,3843,1931.9262199753948
T13,13,738.8845032386622,0.5017606617669833,3836,1924.753898538148
T13,13,740.902165235766,0.502146308656151,3825,1920.7096306097776
T13,13,742.948776951431,0.5017755666458376,3826,1919.7933179869744
T13,13,744.9872184825377,0.5039871267200108,3817,1923.7188626902812
T13,13,747.0450297952598,0.5054632747727974,3806,1923.7932237852667
T13,13,749.0693392786103,0.5043087836856293,3804,1918.3906131401336
T13,13,751.1199496737362,0.5018067418629498,3799,1906.3638123373462
T13,13,753.1255133970097,0.5012417456018465,3786,1897.7012488485911
T13,13,755.1347657453098,0.5015376641469222,3776,1893.8062198187786
T13,13,757.1701839619224,0.5004488462791407,3756,1879.6858666244523
T13,13,759.1762419422711,0.5014864933750783,3750,1880.5743501565437
T13,13,761.180518069082,0.5035745830247401,3740,1883.3689405125278
T13,13,763.2316989711222,0.5012071096395864,3735,1872.008554503855
T13,13,765.2517444957573,0.5015381777223135,3732,1871.740479259674
T13,13,767.3017713929789,0.5002840585135768,3732,1867.0601063726685
T13,13,769.31105613888,0.4976177607966086,3718,1850.1428346417906
T13,13,771.3231675943587,0.4992540897409893,3714,1854.2296892980341
T13,13,773.3692886651759,0.49717637521233754,3707,1843.0328229121353
T13,13,775.3737668024302,0.49900086290723483,3691,1841.8121849906038
T13,13,777.3900462632772,0.4987003011323292,3691,1840.702811479427
T13,13,779.4149106071327,0.49987981614886107,3685,1842.057122508553
T14,14,781.4397353656507,0.4999303730699624,3675,1837.244121032112
T14,14,783.469722440525,0.49998800109197455,3667,1833.4560000042707
T14,14,785.5287789934317,0.5005412000753112,3659,1831.480251075564
T14,14,787.534005570419,0.49935602978352317,3641,1818.1553044418079
T14,14,789.544055063102,0.5006958280018731,3628,1816.5244639907955
T14,14,791.5493223414812,0.4980007599219349,3622,1803.7587524372482
T14,14,793.5496736434726,0.49799454981622826,3608,1796.7643357369516
T14,14,795.5570452799426,0.49884952200839777,3597,1794.3617306642068
T14,14,797.5629266137221,0.4970589362437366,3576,1777.4827560076021
T14,14,799.5840676265276,0.4941944651940176,3567,1762.791657347061
T14,14,801.5882939395615,0.49456632542785056,3554,1757.688720570581
T14,14,803.5904575494807,0.4939724573708423,3547,1752.1203062943775
T14,14,805.6302997960695,0.4938153182447504,3543,1749.5876725411506
T14,14,807.6468805900537,0.4971010594255828,3530,1754.7667397723073
T14,14,809.7034216149999,0.4966423812648787,3516,1746.1946125273134
T14,14,811.7153261782572,0.49532283907835056,3505,1736.1065509696186
T14,14,813.7326754228319,0.49389179923905413,3482,1719.7312449503866
T14,14,815.7891317077547,0.49264656540753293,3467,1708.0056422679168
T14,14,817.7933987006169,0.49489319966743933,3464,1714.31004364801
T14,14,819.8236767698977,0.4945076366269228,3461,1711.4909303657798
T14,14,821.8335273153373,0.495997707887314,3448,1710.2000967954586
T14,14,823.836094159005,0.49415444997834074,3443,1701.373771275427
T14,14,825.8522526023282,0.49444669455538853,3436,1698.918842492315
T14,14,827.8717900013577,0.49283470462251583,3433,1691.901540969097
T14,14,829.8795077060288,0.49299645482757876,3426,1689.0058542392849
T14,14,831.9160297155905,0.49084044973478114,3419,1678.1834976432167
T14,14,833.9190989834312,0.4918702325516337,3405,1674.8181418383128
T14,14,835.9233625105339,0.4923235857965096,3403,1675.3771624655221
T14,14,837.9593625922978,0.4925007100629546,3399,1674.0099135039827
T14,14,839.999999999998,0.49441031970726357,3387,1674.5677528485016
T15,15,842.0095853641882,0.4944307370345184,3373,1667.7148760174305
T15,15,844.0180282240551,0.49218454498954545,3361,1654.2322557098623
T15,15,846.0238168123869,0.4940757178300118,3344,1652.1892004235594
T15,15,848.0644199720723,0.49251763124338455,3336,1643.0388178279309
T15,15,850.0786592842721,0.49299983049686885,3322,1637.7454369105983
T15,15,852.0971621149002,0.49326743771485243,3315,1635.1815560247358
T15,15,854.0986323746029,0.4933515384413357,3302,1629.0467799332905
T15,15,856.1013347814085,0.49367396461067165,3294,1626.1620394275524
T15,15,858.1643589604802,0.49312375579462503,3275,1614.980300227397
T15,15,860.2649345422226,0.4917136750784313,3261,1603.4782944307644
T15,15,862.3016769556476,0.4912437113689866,3247,1595.0683308150994
T15,15,864.3124710900846,0.4928121902502445,3235,1594.2474354595408
T15,15,866.3412259092979,0.49017625851171576,3218,1577.3871998907014
T15,15,868.3739921631301,0.48942267345509716,3197,1564.6842870359455
T15,15,870.3900295479431,0.4888705136766072,3183,1556.0748450326407
T15,15,872.3935292123108,0.48857159390457494,3172,1549.7490958653118
T15,15,874.4649894355531,0.48751989950652275,3161,1541.0504023401184
T15,15,876.4655659738789,0.48778623442382507,3153,1537.9899971383204
T15,15,878.4809151613396,0.4871582069863947,3135,1527.2409789023475
T15,15,880.5024132561309,0.49005586979992155,3120,1528.9743137757553
T15,15,882.5340000167362,0.49004398130751425,3102,1520.1164300159091
T15,15,884.5397726848353,0.48917283095095937,3091,1512.0332204694155
T15,15,886.5541520018116,0.4898485755705224,3083,1510.2031584839206
T15,15,888.5577975509548,0.4896808576289873,3070,1503.320232920991
T15,15,890.558682055996,0.4899530988577563,3057,1497.786623208161
T15,15,892.5968108165567,0.48926892856064147,3036,1485.4204671101074
T15,15,894.6145253179571,0.4884990785701496,3029,1479.6637089889832
T15,15,896.6197939298422,0.4880477817853403,3019,1473.4162532099424
T15,15,898.6202570567062,0.4853479442679026,3008,1459.9266163578511
T16,16,900.6366635248091,0.48455910412346775,2989,1448.3471622250452
T16,16,902.6519959794443,0.4850675202836464,2976,1443.5609403641317
T16,16,904.6772556032644,0.48452243622337254,2969,1438.5471131471932
T16,16,906.681013321602,0.4845644041614835,2955,1431.8878142971837
T16,16,908.7065867733406,0.48358146037239663,2937,1420.278749113729
T16,16,910.7201561846391,0.4821031984758018,2920,1407.7413395493413
T16,16,912.7261127551003,0.48232796124017024,2903,1400.1980714802141
T16,16,914.7434396000044,0.48142007490811844,2887,1389.8597562597379
T16,16,916.8001275009631,0.48045304661909777,2871,1379.3806968434296
T16,16,918.832977482613,0.4809154056816377,2853,1372.0516524097125
T16,16,920.8370866857979,0.4794958597762698,2844,1363.6862252037113
T16,16,922.9131874042024,0.4830165543573342,2827,1365.4877991681838
T16,16,924.9276135165529,0.4846556220433146,2813,1363.336264807844
T16,16,926.9320461883624,0.48384711583978124,2792,1350.9011474246693
T16,16,928.9558763666764,0.483929800303616,2787,1348.7123534461778
T16,16,930.957483259191,0.4825415802364416,2773,1338.0878019956526
T16,16,932.9626091252412,0.4828395548696667,2760,1332.63717144028
T16,16,934.96917190418,0.4844654569303255,2748,1331.3110756445344
T16,16,937.0251350039774,0.48275309424201845,2732,1318.8814534691944
T16,16,939.0312043458827,0.4837921146107566,2716,1313.979383282815
T16,16,941.049800031306,0.4843452859548976,2705,1310.153998507998
T16,16,943.0958796572118,0.48321031718839447,2699,1304.1846460914767
T16,16,945.1046588877523,0.4826221918096279,2688,1297.2884515842798
T16,16,947.1774372175597,0.48295846896765654,2686,1297.2264476471255
T16,16,949.2313641086142,0.4828754592175654,2677,1292.6576043254227
T16,16,951.2438534049179,0.48164753192957555,2663,1282.6273775284596
T16,16,953.2595107651098,0.48055844540369025,2646,1271.5576465381644
T16,16,955.2977412462401,0.47940835862173886,2633,1262.2822082510384
T16,16,957.3115464899926,0.48183744235647313,2620,1262.4140989739597
T16,16,959.3793922796078,0.48100678747961134,2610,1255.4277153217856
T17,17,961.3950161420316,0.4821567265565399,2589,1248.3037650548818
T17,17,963.419868504857,0.48390424196961057,2569,1243.1499976199295
T17,17,965.4997690489155,0.48115858703721437,2561,1232.247141402306
T17,17,967.5188420966199,0.4810006885100002,2551,1227.0327563890105
T17,17,969.5608255482944,0.48183804893433835,2536,1221.9412920974821
T17,17,971.5745347538732,0.4820642738027674,2527,1218.1764198995932
T17,17,973.5901934942509,0.48243179848002193,2514,1212.8335413787752
T17,17,975.6177219057502,0.4838755359637919,2502,1210.6565909814074
T17,17,977.636727562636,0.48285682765023846,2488,1201.3477871937932
T17,17,979.673991752792,0.48335728042195825,2482,1199.6927700073004
T17,17,981.6817743913689,0.48329472040078697,2470,1193.7379593899439
T17,17,983.7012828056455,0.4848332939581088,2461,1193.1747364309058
T17,17,985.7109954648151,0.48477059252525967,2448,1186.7184105018357
T17,17,987.7428783668513,0.48568575014387466,2440,1185.0732303510542
T17,17,989.7688896097976,0.48320611834540383,2423,1170.8084247509134
T17,17,991.7769418877691,0.48503856883930624,2413,1170.398066609246
T17,17,993.781687836607,0.486625418884141,2403,1169.3608815785908
T17,17,995.871963207102,0.4885014775428031,2397,1170.938041670099
T17,17,997.8908408492046,0.4876247543255587,2382,1161.5221648034808
T17,17,999.8959982650028,0.48815337069039527,2370,1156.9234885362368
T17,17,1001.914962639748,0.48942089222037966,2359,1154.5438847478756
T17,17,1003.9209987154751,0.48996327037470866,2348,1150.433758839816
T17,17,1005.9617374653844,0.4903637702703203,2335,1144.9994035811978
T17,17,1007.9878695999214,0.48918310720458047,2318,1133.9264425002175
T17,17,1010.0368340966997,0.4885724944562658,2305,1126.1595997216928
T17,17,1012.0377261215328,0.4883998081887024,2293,1119.9007601766946
T17,17,1014.0445822371311,0.484850674318814,2278,1104.4898360982584
T17,17,1016.0496262236115,0.484427806937406,2256,1092.869132450788
T17,17,1018.0820461027475,0.48462386098798216,2244,1087.495944057032
T18,18,1020.1454961806935,0.4844277991083931,2241,1085.602697801909
T18,18,1022.1503120450049,0.48356803752622196,2228,1077.3895876084225
T18,18,1024.2003698718472,0.4840968817240181,2222,1075.6632711907682
T18,18,1026.2186078160971,0.4837787573225342,2217,1072.5375049840584
T18,18,1028.243419824169,0.48415131861307914,2204,1067.0695062232264
T18,18,1030.2989643406663,0.48292831490582067,2189,1057.1300813288415
T18,18,1032.3243397651559,0.4797604602254957,2166,1039.1611568484236
T18,18,1034.3495501779157,0.47995036580854217,2153,1033.3331375857913
T18,18,1036.3832717472453,0.4827387397765088,2131,1028.7162544637401
T18,18,1038.403325577704,0.4813911448512727,2116,1018.623662505293
T18,18,1040.4398959481555,0.48161820890293144,2107,1014.7695661584766
T18,18,1042.5288312102539,0.4801254864478757,2092,1004.422517648956
T18,18,1044.5691420933233,0.48018446849066354,2087,1002.1449857400148
T18,18,1046.570140517419,0.47762486007947874,2074,990.593959804839
T18,18,1048.6358444640953,0.4753869108423881,2063,980.7231970678466
T18,18,1050.6581547115582,0.4757475756601719,2052,976.2340252546727
T18,18,1052.7719363275858,0.4743680496379683,2041,968.1851893110933
T18,18,1054.790976050406,0.47642528615187524,2030,967.1433308883068
T18,18,1056.864985772498,0.4746092747823907,2028,962.5076092586883
T18,18,1058.8783536107046,0.4741824074547724,2026,960.6935575033689
T18,18,1060.8926440223825,0.47437392993222655,2011,953.9659730937076
T18,18,1062.898616071543,0.47395141778866146,1997,946.4809813239569
T18,18,1064.9361621910373,0.4726359074764451,1986,938.6549122482201
T18,18,1066.9799052651176,0.4734811277811417,1970,932.7578217288492
T18,18,1068.9802519414009,0.47671045763957054,1966,937.2127597193956
T18,18,1071.084349377985,0.47623887642484575,1965,935.8093921748219
T18,18,1073.1143455015933,0.47918671625909165,1954,936.3308435702651
T18,18,1075.1776345345336,0.48265317545556546,1943,937.7951199101637
T18,18,1077.187356475047,0.48037157950324383,1929,926.6367768617573
T18,18,1079.191104733345,0.4804203857719201,1930,927.2113445398057
T19,19,1081.3699270167438,0.4793054849620878,1923,921.7044475820949
T19,19,1083.388134169918,0.47586127147615326,1909,908.4191672479766
T19,19,1085.489128448267,0.4737291195591367,1901,900.5590562819189
T19,19,1087.5651681115999,0.47569630199449237,1888,898.1146181656015
T19,19,1089.5990235458094,0.4762138526188883,1867,889.0912628394645
T19,19,1091.74122631114,0.47555491212121315,1860,884.5321365454564
T19,19,1093.7469485342897,0.47680442502881226,1849,881.6113818782738
T19,19,1095.8110569488574,0.4777786196372443,1840,879.1126601325294
T19,19,1097.813222518197,0.47763575993799234,1826,872.162897646774
T19,19,1099.847114542618,0.47768728703183105,1823,870.823924259028
T19,19,1101.874251642948,0.47649990127087166,1815,864.8473208066321
T19,19,1103.8822705186801,0.47695506314150765,1808,862.3347541598458
T19,19,1105.9863976638217,0.4752793773822608,1796,853.6017617785403
T19,19,1108.016957284788,0.47170886425484393,1776,837.7549429166028
T19,19,1110.0390915917387,0.4687473640622204,1757,823.5891186573213
T19,19,1112.042572458608,0.4693428048257807,1744,818.5338516161615
T19,19,1114.1442894040208,0.4707363472806563,1734,816.2568261846579
T19,19,1116.2042659160413,0.4693961282174133,1731,812.5246979443424
T19,19,1118.3175049599524,0.4732153953524726,1729,818.1894185644251
T19,19,1120.4022500662627,0.4726644603625986,1720,812.9828718236696
T19,19,1122.41130861135,0.4726008137953293,1714,810.0377948451944
T19,19,1124.4136464332992,0.4715133280855594,1707,804.8732510420499
T19,19,1126.4846832461117,0.47216122935214927,1700,802.6740898986537
T19,19,1128.5547127492073,0.4716971749376671,1693,798.5833171694704
T19,19,1130.6434241245547,0.4728580101707956,1686,797.2386051479614
T19,19,1132.694332349295,0.4714132125921643,1679,791.5027839422438
T19,19,1134.756104361788,0.4730123497375163,1679,794.1877352092899
T19,19,1136.8290043900097,0.4731194292441966,1673,791.5288051255409
T19,19,1138.8507459476996,0.47457719724272096,1663,789.221879014645
T20,20,1140.890510337932,0.4725063998848333,1659,783.8881174089385
T20,20,1142.9110468742779,0.4703043828637739,1645,773.6507098109081
T20,20,1145.1070034383201,0.4696457366381041,1632,766.4618421933859
T20,20,1147.1426664670346,0.46856025633518467,1623,760.4732960320047
T20,20,1149.1436016695793,0.4671377242656963,1615,754.4274246890994
T20,20,1151.1756920777639,0.46502720742145914,1603,745.438613496599
T20,20,1153.2038933334538,0.4640838454200056,1591,738.3573980632289
T20,20,1155.3085823665663,0.46527572504690345,1584,736.996748474295
T20,20,1157.3137192055783,0.4688294036604684,1577,739.3439695725586
T20,20,1159.4285196449582,0.47078895006653015,1570,739.1386516044523
T20,20,1161.448333040541,0.470352019414806,1559,733.2787982676825
T20,20,1163.4703594418063,0.47030748354793933,1547,727.5656770486621
T20,20,1165.5105759769224,0.47072817650265825,1545,727.275032696607
T20,20,1167.534316400866,0.46974109499782407,1534,720.5828397266621
T20,20,1169.5498372015413,0.47163762010645266,1527,720.1906459025532
T20,20,1171.5825351108058,0.4737917369762252,1518,719.2158567299098
T20,20,1173.6310941719796,0.4726542888657262,1512,714.653284764978
T20,20,1175.6313367514251,0.4726964816429294,1507,712.3535978358946
T20,20,1177.660088890573,0.4721638257660639,1493,704.9405918687335
T20,20,1179.876221255202,0.47051459534236445,1484,698.2436594880688
T20,20,1181.8887176134544,0.4692733083820754,1471,690.301036630033
T20,20,1183.9152185828138,0.46997952752320526,1463,687.5800487664493
T20,20,1185.9164162908246,0.4699754119815178,1455,683.8142244331084
T20,20,1188.0126803145622,0.46808467390776304,1446,676.8504384706254
T20,20,1190.1863360393747,0.46784460244562226,1442,674.6319167265873
T20,20,1192.1971011309179,0.4672609639324789,1431,668.6504393873773
T20,20,1194.2108957221565,0.4698484111808493,1423,668.5942891103485
T20,20,1196.2336976387269,0.46835279656407514,1413,661.7825015450381
T20,20,1198.2816828745188,0.4693319427921283,1403,658.472715737356
T21,21,1200.3761689773437,0.4730631773853333,1395,659.92313245254
T21,21,1202.403325856047,0.47224370554068607,1383,653.1130447627688
T21,21,1204.494967945204,0.47215852534160097,1373,648.2736552940181
T21,21,1206.5121415067385,0.4748172565562764,1367,649.0751897124298
T21,21,1208.5275633392669,0.47377470842381547,1360,644.333603456389
T21,21,1210.5336591925611,0.476324773251509,1352,643.9910934360402
T21,21,1212.5879343842978,0.47725026035994367,1339,639.0380986219645
T21,21,1214.5952636261065,0.4785447838500208,1332,637.4216520882277
T21,21,1216.6764455898535,0.4803726223384795,1320,634.0918614867929
T21,21,1218.7864683343748,0.48152694999412654,1311,631.2818314422999
T21,21,1220.8499252421368,0.47864311816214683,1299,621.7574104926288
T21,21,1222.9493601947138,0.4772054509005961,1289,615.1178262108683
T21,21,1225.0812400908,0.4762535577253467,1274,606.7470325420917
T21,21,1227.1380448143113,0.47470033278157314,1259,597.6477189720006
T21,21,1229.1560298946786,0.4755174668147598,1253,595.823385918894
T21,21,1231.2695456951585,0.47255694875435356,1247,589.2785150966789
T21,21,1233.3521981155982,0.4694289220386377,1232,578.3364319516016
T21,21,1235.3693114056862,0.4703224728688618,1224,575.6747067914869
T21,21,1237.5306612964216,0.4691578399906996,1213,569.0884599087186
T21,21,1239.6377951039913,0.4678350535137651,1205,563.7412394840869
T21,21,1241.6519867866346,0.4635102355158937,1200,556.2122826190724
T21,21,1243.7163611905203,0.4633345448550897,1195,553.6847811018322
T21,21,1245.8341908265238,0.4638760060248675,1187,550.6208191515177
T21,21,1247.9674632019592,0.4643762918069763,1175,545.6421428731971
T21,21,1249.999934460004,0.4646011885402179,1165,541.2603846493539
T21,21,1252.068579313859,0.46368312871485257,1161,538.3361124379438
T21,21,1254.355394326541,0.4614838198038361,1149,530.2449089546077
T21,21,1256.3653121336606,0.459847041071323,1137,522.8460856980943
T21,21,1258.4933496301928,0.4595616041387896,1133,520.6832974892486
T22,22,1260.5422339020129,0.45961849300867885,1118,513.8534751837029
T22,22,1262.5856650300527,0.4606602048393118,1111,511.7934875764754
T22,22,1264.8859793866602,0.4616153756905624,1105,510.0849901380714
T22,22,1266.8888545517252,0.4574586810254496,1090,498.6299623177401
T22,22,1268.9188295990443,0.45515546844562427,1084,493.3885277950567
T22,22,1270.9652879847044,0.4579232360466749,1079,494.0991716943622
T22,22,1273.1050382178355,0.45630035393546803,1071,488.69767906488624
T22,22,1275.327471510911,0.4568054022587031,1063,485.58414260100136
T22,22,1277.534631720241,0.4577837002875988,1055,482.96180380341673
T22,22,1279.707395952499,0.4576767113865124,1048,479.64519353306497
T22,22,1281.756584243249,0.45549024631110613,1046,476.44279764141703
T22,22,1283.832583960411,0.4568957134904386,1037,473.80085488958485
T22,22,1285.8455677857885,0.4566628264404349,1023,467.1660714485649
T22,22,1287.8776566354882,0.4551730109894025,1014,461.5454331432541
T22,22,1289.9755766531084,0.4577289229099856,1003,459.1021096787156
T22,22,1291.9845725041964,0.4569599736225118,994,454.2182137807767
T22,22,1294.0274579844593,0.4528197186596951,988,447.38588203577876
T22,22,1296.0409258330938,0.4504961736045251,978,440.58525778522556
T22,22,1298.1041718769552,0.45068184524902094,976,439.86548096304443
T22,22,1300.1849045812792,0.45135860565996083,976,440.52599912412177
T22,22,1302.2003004560268,0.45019817328417916,967,435.34163356580126
T22,22,1304.2159498032831,0.45159661355513775,964,435.3391354671528
T22,22,1306.5312189114247,0.4542020704719029,959,435.5797855825549
T22,22,1308.5645227577438,0.453994935441363,954,433.1111684110603
T22,22,1310.6335983336342,0.45080325377090513,951,428.7138943361308
T22,22,1312.8276676484277,0.4476029663953078,943,422.0895973107752
T22,22,1315.0026578701256,0.4480306651891099,941,421.5968559429524
T22,22,1317.0802357932116,0.44713166940205634,937,418.9623742297268
T22,22,1319.1487419666435,0.4519955270653829,926,418.54785806254455
T23,23,1321.272668730482,0.4498354962190911,922,414.74832751400197
T23,23,1323.2797362799804,0.44792548475007216,912,408.5080420920658
T23,23,1325.311096523,0.4460533335887672,905,403.6782668978343
T23,23,1327.3690178906356,0.44454717070676125,896,398.3142649532581
T23,23,1329.566023647569,0.4466210286796433,885,395.2596103814843
T23,23,1331.6265706539677,0.44756504141710496,877,392.51454132280105
T23,23,1333.6911987032,0.44870620407530887,863,387.23345411699154
T23,23,1335.925953846467,0.4486773536292334,860,385.8625241211407
T23,23,1338.021033648204,0.4481156013145156,854,382.69072352259633
T23,23,1340.1421136038482,0.4476704607515379,847,379.1768802565526
T23,23,1342.147148016904,0.4459699778462374,837,373.2768714573007
T23,23,1344.2146698933248,0.44190888759875496,830,366.7843767069666
T23,23,1346.5113554266798,0.446876199462369,818,365.54473116021785
T23,23,1348.6059534314086,0.44508847293193565,809,360.07657460193593
T23,23,1350.6396713911556,0.44500289536189924,800,356.0023162895194
T23,23,1352.7990414278652,0.4505872898062768,796,358.66748268579636
T23,23,1354.852545219237,0.4495761631950664,789,354.7155927609074
T23,23,1356.8988758574133,0.45138707171079046,785,354.3388512929705
T23,23,1358.9212047093251,0.44964129089085975,778,349.8209243130889
T23,23,1361.2407630604841,0.4489835796074093,770,345.7173562977052
T23,23,1363.4497521474252,0.44486810781756564,768,341.6587068038904
T23,23,1365.6156584112314,0.4464387037405864,765,341.5256083615486
T23,23,1367.6941656847837,0.44917502796732633,758,340.47467119923334
T23,23,1369.8050508374479,0.4506079582931126,752,338.8571846364207
T23,23,1372.0936602345362,0.45361283187642837,748,339.3023982435684
T23,23,1374.2604820870577,0.4559818748493579,742,338.3385511382236
T23,23,1376.339002384559,0.45645012248481814,738,336.8601903937958
T23,23,1378.5031322044545,0.4613122159580343,732,337.6805420812811
T24,24,1380.5361116975746,0.4563551450981036,724,330.401125051027
T24,24,1382.5448416688585,0.45464204650675205,717,325.9783473453412
T24,24,1384.7173216025997,0.4550697300823545,709,322.64443862838937
T24,24,1386.7821289018893,0.4517869282076177,702,317.1544236017476
T24,24,1388.959474943196,0.44999126966244435,691,310.94396733674904
T24,24,1390.9641605396857,0.44965690496626826,687,308.9142937118263
T24,24,1393.1974267705666,0.45051887386281425,685,308.60542859602776
T24,24,1395.2491342187814,0.4508622113021387,676,304.78285484024576
T24,24,1397.338164588142,0.4482390926428234,670,300.3201920706917
T24,24,1399.5753015908615,0.45176067252869123,662,299.0655652139936
T24,24,1401.6451669629628,0.450685824085695,655,295.19921477613025
T24,24,1403.683013846836,0.4467490690225277,647,289.0466476575754
T24,24,1405.779215677708,0.4444526647931748,643,285.7830634620114
T24,24,1407.8345883569073,0.44474423574013217,638,283.7468224022043
T24,24,1410.3024799684476,0.4439952087671274,633,281.04896714959165
T24,24,1412.5490994697416,0.4478104475523671,627,280.77715061533416
T24,24,1414.5768755356173,0.4453108579966021,615,273.8661776679103
T24,24,1416.6829035004534,0.4465740713513238,611,272.85675759565885
T24,24,1418.756474942507,0.4470082584643961,606,270.88700462942404
T24,24,1420.895911958356,0.44283987180599294,599,265.26108321178975
T24,24,1422.9223033608046,0.4422881119659603,597,264.0460028436783
T24,24,1424.9530951699737,0.44286684674057153,593,262.6200401171589
T24,24,1427.1885824551973,0.4385596114173255,588,257.8730515133874
T24,24,1429.2254908785944,0.4380603251252885,584,255.82722987316848
T24,24,1431.47453065732,0.4307023722128456,574,247.22316165017335
T24,24,1433.5551284770502,0.43577769771524605,571,248.8290653954055
T24,24,1435.6187845029058,0.4376035941897096,566,247.68363431137564
T24,24,1437.6473335015253,0.4357598560077307,561,244.46127922033693
